Size_Degree,VRR_Frequency,FRR,Luminance,Luminance_high,Luminance_low,Sensitivity,Sensitivity_high,Sensitivity_low,Radius,Area,Observer_name,Age,Gender
0.5,0.5,0.5,0.473839594256053,0.499798688204478,0.473839594256053,18.9327392774772,20.5797359786369,18.9327392774772,0.25,0.19634954084936207,Ale_2,30,M
1.0,0.5,0.5,0.473839594256053,1.08816178256755,0.473839594256053,18.9327392774772,69.484322202689,18.9327392774772,0.5,0.7853981633974483,Ale_2,30,M
16.0,0.5,0.5,1.7495254400674,1.8809322748143,1.62808059460162,146.019097262115,163.530802824292,130.48058083891,8.0,201.06192982974676,Ale_2,30,M
-1.0,0.5,0.5,1.79115529411521,2.02914740443805,1.45251916888411,151.489304750977,184.126322565421,109.155895273566,27.462046803573333,2369.276128,Ale_2,30,M
0.5,2.0,2.0,1.26817007403456,1.37898576966237,1.04724231994386,85.5033928971046,97.4725753178908,63.3831663647572,0.25,0.19634954084936207,Ale_2,30,M
1.0,2.0,2.0,1.92438241980772,2.27710161479505,1.7222464663463,164.14645921012,213.570008965488,137.9928427323,0.5,0.7853981633974483,Ale_2,30,M
16.0,2.0,2.0,2.29529425257293,2.38780818602425,2.20036003326693,216.244523791721,230.029590917329,202.420988907938,8.0,201.06192982974676,Ale_2,30,M
-1.0,2.0,2.0,2.92122092152275,3.16153468700652,2.6586091604795,315.303342406975,356.798978652324,272.112586612176,27.462046803573333,2369.276128,Ale_2,30,M
0.5,4.0,4.0,1.53835347763504,1.6366759295249,1.42989529522047,110.829974597269,122.10600409921,98.8552423047263,0.25,0.19634954084936207,Ale_2,30,M
1.0,4.0,4.0,1.16369184937439,1.56519469326482,0.958851965632335,71.627762227898,113.869072167934,52.9147414509086,0.5,0.7853981633974483,Ale_2,30,M
16.0,4.0,4.0,2.98689531745407,3.67649280320188,2.73759174005366,312.840766506717,432.922994600556,272.97746063985,8.0,201.06192982974676,Ale_2,30,M
-1.0,4.0,4.0,2.13732756429782,2.28642332844764,1.95948146651747,185.35692813682,205.972470954284,161.808794297365,27.462046803573333,2369.276128,Ale_2,30,M
0.5,8.0,8.0,1.9070851080976,2.03090253533075,1.75531979763629,142.423401623817,157.147030390618,125.100344414327,0.25,0.19634954084936207,Ale_2,30,M
1.0,8.0,8.0,2.86107588510736,3.08659824314568,2.64994478803292,268.584499901644,302.421977063086,238.239603411068,0.5,0.7853981633974483,Ale_2,30,M
16.0,8.0,8.0,3.39463254765423,3.65542008040329,2.23987547068085,350.932167639122,393.998653942534,183.158601932472,8.0,201.06192982974676,Ale_2,30,M
-1.0,8.0,8.0,2.75763451219327,2.94007349974293,2.59769239892735,253.553516915036,280.272376125015,230.93376056893,27.462046803573333,2369.276128,Ale_2,30,M
0.5,0.5,0.5,0.641240685452668,0.741854386421382,0.473839594256053,30.3876326721332,38.1671245366126,18.9327392774772,0.25,0.19634954084936207,Ali_2,29,M
1.0,0.5,0.5,0.954782504275609,1.12049341870433,0.757398190296492,56.6334701997171,72.7400210405087,39.4251630607718,0.5,0.7853981633974483,Ali_2,29,M
16.0,0.5,0.5,1.50808575378288,1.67491454685784,1.36870350827954,115.756571466927,136.398105314922,99.4668684011815,8.0,201.06192982974676,Ali_2,29,M
-1.0,0.5,0.5,2.9840760180736,3.20282144087356,2.69656997418712,336.563627518915,375.937236634062,287.2482555245,27.462046803573333,2369.276128,Ali_2,29,M
0.5,1.0,1.0,0.990865327528812,1.3349795148111,0.990865327528812,59.3802186859753,94.6470805608387,59.3802186859753,0.25,0.19634954084936207,Ali_2,29,M
1.0,1.0,1.0,1.86631382932762,1.99729582860453,1.71841085201828,159.835696565767,177.722898009075,140.473740075782,0.5,0.7853981633974483,Ali_2,29,M
16.0,1.0,1.0,3.12844248885102,3.34355795737545,2.85627378522188,358.533507192289,397.829432696394,310.964251309165,8.0,201.06192982974676,Ali_2,29,M
-1.0,1.0,1.0,3.54145184047107,4.56929458317947,3.54145184047107,435.263203983413,648.377454084613,435.263203983413,27.462046803573333,2369.276128,Ali_2,29,M
0.5,2.0,2.0,0.97500812792929,1.12156895226496,0.848661527976933,56.6802040421681,70.5579044149422,45.621330151092,0.25,0.19634954084936207,Ali_2,29,M
1.0,2.0,2.0,3.69200625229137,3.89346059067563,3.45889857345838,454.753928991081,494.15297241656,410.656748748592,0.5,0.7853981633974483,Ali_2,29,M
16.0,2.0,2.0,3.44444889316881,3.65896345968511,3.11676611162814,407.976947511643,448.404898805699,348.929005872235,8.0,201.06192982974676,Ali_2,29,M
-1.0,2.0,2.0,4.95060819788804,5.24337688195915,4.64078238569282,719.472504381904,787.114693586081,650.307888155422,27.462046803573333,2369.276128,Ali_2,29,M
0.5,4.0,4.0,1.61352132389339,1.86448233541863,1.24922184768678,119.415165625296,149.709082045631,80.0299750868634,0.25,0.19634954084936207,Ali_2,29,M
1.0,4.0,4.0,2.07225801061853,2.41050583978405,1.66380820203085,176.607695157086,223.71939166053,125.286510766491,0.5,0.7853981633974483,Ali_2,29,M
16.0,4.0,4.0,4.69865206585241,4.9391255547478,4.69865206585241,635.375313647951,686.95952877097,635.375313647951,8.0,201.06192982974676,Ali_2,29,M
-1.0,4.0,4.0,4.70814525830044,4.90740665764734,4.298438249056,637.384091810875,680.072582500797,552.796155899251,27.462046803573333,2369.276128,Ali_2,29,M
0.5,8.0,8.0,2.22874096078325,2.37425502404688,1.95366057557034,181.736664992539,200.631922162241,147.900541070996,0.25,0.19634954084936207,Ali_2,29,M
1.0,8.0,8.0,2.27164219591085,2.53484491673974,1.99303459925038,187.237294315003,222.255761011973,152.588671058511,0.5,0.7853981633974483,Ali_2,29,M
16.0,8.0,8.0,6.23108419103503,6.49468844219745,5.87677884683567,907.278222691483,968.016628003258,827.90190649545,8.0,201.06192982974676,Ali_2,29,M
-1.0,8.0,8.0,5.33629121979482,5.59886886397528,4.88421612389829,711.95210831424,767.494769121943,619.906667081901,27.462046803573333,2369.276128,Ali_2,29,M
0.5,10.0,10.0,1.19610420183725,1.38565297677326,1.06583413667947,65.7995679086856,82.8199548638064,54.9417804745344,0.25,0.19634954084936207,Chuyao_2,23,F
1.0,10.0,10.0,3.56246698104624,3.78213058157272,3.31817191468751,362.655401348274,398.2297861125,324.521931185982,0.5,0.7853981633974483,Chuyao_2,23,F
16.0,10.0,10.0,3.49463829635806,4.39324744912584,3.27372116621861,351.91482080079,503.344815171964,317.748747087667,8.0,201.06192982974676,Chuyao_2,23,F
-1.0,10.0,10.0,4.68512766308688,4.86393986121503,4.50588562787336,556.615100327786,590.194225843931,523.672959022298,27.462046803573333,2369.276128,Chuyao_2,23,F
0.5,12.0,11.9,0.782972636155783,0.874549859806835,0.473839594256053,32.5720853920503,38.7233823583848,14.8501253737527,0.25,0.19634954084936207,Chuyao_2,23,F
1.0,12.0,11.9,2.17134760411055,2.32777634066323,1.99085497213192,160.559691672104,179.013426571456,140.182141010591,0.5,0.7853981633974483,Chuyao_2,23,F
16.0,12.0,11.9,3.49798223960016,3.66337411194642,3.31342444916054,338.459419853846,363.818387438288,310.950337235205,8.0,201.06192982974676,Chuyao_2,23,F
-1.0,12.0,11.9,3.57219962392798,3.80868733334495,3.31909277560116,349.757184421773,386.638981353983,311.782663450646,27.462046803573333,2369.276128,Chuyao_2,23,F
0.5,14.0,13.3,0.473839594256053,0.974526770729586,0.473839594256053,14.4137181867241,44.5182373888887,14.4137181867241,0.25,0.19634954084936207,Chuyao_2,23,F
1.0,14.0,13.3,1.3114946428642,1.50272071361076,1.09480657136112,70.8339420729317,87.6370283443731,53.4052921861712,0.5,0.7853981633974483,Chuyao_2,23,F
16.0,14.0,13.3,5.20064904216726,5.70668483446449,3.20569654703165,610.833059635195,706.301011478303,286.607367495644,8.0,201.06192982974676,Chuyao_2,23,F
-1.0,14.0,13.3,3.7256232904827,3.99194516854912,3.49690450037639,362.555769229029,403.896448225737,328.354683461076,27.462046803573333,2369.276128,Chuyao_2,23,F
0.5,16.0,14.9,0.473839594256053,0.644334306027347,0.473839594256053,13.930648947415,22.5280525598513,13.930648947415,0.25,0.19634954084936207,Chuyao_2,23,F
1.0,16.0,14.9,0.707575761794769,0.861240179643837,0.590333807694605,26.0804697145905,35.4648664526527,19.6459623105318,0.5,0.7853981633974483,Chuyao_2,23,F
16.0,16.0,14.9,4.70871731757434,6.10155934796274,4.43424268428401,505.390261236055,757.928060241304,460.08154490244,8.0,201.06192982974676,Chuyao_2,23,F
-1.0,16.0,14.9,6.8805084942713,7.27854873696274,6.49589963954275,914.603826521785,998.689940890519,835.919188670413,27.462046803573333,2369.276128,Chuyao_2,23,F
0.5,0.5,0.5,0.677010428618531,0.775210008978745,0.594832270350581,33.0799802508006,40.8847616936037,27.0191360067564,0.25,0.19634954084936207,Claire_2,26,F
1.0,0.5,0.5,1.21556976940744,1.52854816326233,0.96371322514302,82.620969869252,118.222309113645,57.4641104220222,0.5,0.7853981633974483,Claire_2,26,F
16.0,0.5,0.5,2.3753015065169,2.61210425387211,2.17683360673548,235.557136091668,273.301569353095,205.510365269268,8.0,201.06192982974676,Claire_2,26,F
-1.0,0.5,0.5,1.00574600564233,1.17386830783259,0.657822691427338,61.4317092729434,78.2312758058761,31.6254929445494,27.462046803573333,2369.276128,Claire_2,26,F
0.5,2.0,2.0,1.2526006995623,1.39171966838957,1.08763437676862,83.8673913808628,98.8839009260003,67.2478131880947,0.25,0.19634954084936207,Claire_2,26,F
1.0,2.0,2.0,2.71902412716584,2.89270822246552,2.54408338376326,281.844960887905,310.50358479261,254.004544764527,0.5,0.7853981633974483,Claire_2,26,F
16.0,2.0,2.0,2.99417374857598,3.27432915956531,2.75470698805743,327.704383188738,376.906275492426,287.650910612326,8.0,201.06192982974676,Claire_2,26,F
-1.0,2.0,2.0,2.63426569703221,2.95510274521664,2.36953421458923,268.226006002711,321.041360630251,227.282371271633,27.462046803573333,2369.276128,Claire_2,26,F
0.5,4.0,4.0,1.87689830009311,1.99542899065903,1.74944267107769,151.271148905778,166.475174169628,135.516535891573,0.25,0.19634954084936207,Claire_2,26,F
1.0,4.0,4.0,2.36021938846473,2.65314529425115,2.15502199523596,216.463482279813,259.923457467322,187.762404484474,0.5,0.7853981633974483,Claire_2,26,F
16.0,4.0,4.0,3.10331754824751,3.48194044752541,2.80451415019422,332.119353522963,397.63326283688,283.485405904164,8.0,201.06192982974676,Claire_2,26,F
-1.0,4.0,4.0,3.08176718184681,3.38493334128821,2.79446563226502,328.519490728525,380.444636422652,281.898499698726,27.462046803573333,2369.276128,Claire_2,26,F
0.5,8.0,8.0,1.99508315588947,2.23728611063715,1.78189695065889,152.834027031872,182.827570175381,128.075243053384,0.25,0.19634954084936207,Claire_2,26,F
1.0,8.0,8.0,3.08776395895577,3.57228513683457,2.75222117179045,302.600620699758,380.075002289141,252.775528497595,0.5,0.7853981633974483,Claire_2,26,F
16.0,8.0,8.0,3.52541777141411,3.69921860256622,3.21011644594992,372.30544139217,401.406543436796,321.561216794015,8.0,201.06192982974676,Claire_2,26,F
-1.0,8.0,8.0,2.95020824209126,3.09583628916027,2.76755675374921,281.784794327448,303.838732636327,254.981747262641,27.462046803573333,2369.276128,Claire_2,26,F
0.5,0.5,0.5,0.473839594256053,0.624129514334872,0.473839594256053,18.9327392774772,29.1290607693183,18.9327392774772,0.25,0.19634954084936207,Dounia_2,23,F
1.0,0.5,0.5,0.90060157687557,1.03579274857085,0.748588017030744,51.6884739755437,64.326015545468,38.7103048859928,0.5,0.7853981633974483,Dounia_2,23,F
16.0,0.5,0.5,2.00289556285066,2.13238375740753,1.3381711698411,180.414499231403,198.985388538104,96.018646157486,8.0,201.06192982974676,Dounia_2,23,F
-1.0,0.5,0.5,2.53654348442583,3.11829771384274,2.53654348442583,261.038719457356,360.537250723411,261.038719457356,27.462046803573333,2369.276128,Dounia_2,23,F
0.5,2.0,2.0,1.22527024818807,1.32101044426947,1.09346145035797,81.0232315758211,91.1401523485397,67.8121211459857,0.25,0.19634954084936207,Dounia_2,23,F
1.0,2.0,2.0,1.0051394661011,1.75115114220389,1.0051394661011,59.4433777982417,141.6319101348,59.4433777982417,0.5,0.7853981633974483,Dounia_2,23,F
16.0,2.0,2.0,2.55505457331369,2.72900718510669,2.27812385889296,255.719712775036,283.464999291765,213.719971513358,8.0,201.06192982974676,Dounia_2,23,F
-1.0,2.0,2.0,2.29114209851348,2.42978208140264,2.16470552880251,215.633055482626,236.38466653568,197.314786036241,27.462046803573333,2369.276128,Dounia_2,23,F
0.5,4.0,4.0,1.72626938297106,1.83747940588007,1.54047879994629,132.719697403533,146.332049433191,111.069532436244,0.25,0.19634954084936207,Dounia_2,23,F
1.0,4.0,4.0,2.86886049527068,3.13986240212669,2.64942722875304,293.723134754495,338.256221295401,259.354021123646,0.5,0.7853981633974483,Dounia_2,23,F
16.0,4.0,4.0,3.36932877703445,3.56541907508358,3.36932877703445,377.70531428283,412.642820837871,377.70531428283,8.0,201.06192982974676,Dounia_2,23,F
-1.0,4.0,4.0,2.44697808661594,3.28764240542628,2.1818626313935,229.035797931785,363.482515320317,191.432563345992,27.462046803573333,2369.276128,Dounia_2,23,F
0.5,8.0,8.0,1.41360824948872,1.64378311664993,0.979228116754098,89.1676316486869,112.893345974481,50.216589691674,0.25,0.19634954084936207,Dounia_2,23,F
1.0,8.0,8.0,2.63061425965135,2.85222402453895,2.44804404947115,235.527282340702,267.286058617975,210.468683214912,0.5,0.7853981633974483,Dounia_2,23,F
16.0,8.0,8.0,3.97667256906897,4.40591767746516,3.6003034558894,449.476526350827,527.627552309597,384.747390666708,8.0,201.06192982974676,Dounia_2,23,F
-1.0,8.0,8.0,6.72810189002427,7.42022790681831,6.26561021696362,1022.97350292462,1192.25655571724,915.152600998728,27.462046803573333,2369.276128,Dounia_2,23,F
0.5,0.5,0.5,0.473839594256053,0.637865600487455,0.473839594256053,18.9327392774772,30.1378683554984,18.9327392774772,0.25,0.19634954084936207,haoyu_2,22,M
1.0,0.5,0.5,0.840424066509224,1.0950092460911,0.618566554646563,46.3897997338434,70.1693491323725,28.7240385930749,0.5,0.7853981633974483,haoyu_2,22,M
16.0,0.5,0.5,1.2286089644305,1.40143081529266,0.878557481351263,84.0111980450856,103.211446483634,49.7235302327458,8.0,201.06192982974676,haoyu_2,22,M
-1.0,0.5,0.5,1.7728122415251,1.94309590361271,1.52655163488517,149.070070153453,172.061556615486,117.980901384227,27.462046803573333,2369.276128,haoyu_2,22,M
0.5,2.0,2.0,0.800922800554255,0.941260993114776,0.705375622559621,41.6720518879752,53.6421575158418,34.16354438994,0.25,0.19634954084936207,haoyu_2,22,M
1.0,2.0,2.0,1.21375523392117,1.36472518791023,1.07110609681916,79.8355401963797,95.9007467871577,65.6564502198003,0.5,0.7853981633974483,haoyu_2,22,M
16.0,2.0,2.0,1.88276206672045,2.25595883656144,1.54100770560386,158.628273713321,210.476899638838,115.966873408729,8.0,201.06192982974676,haoyu_2,22,M
-1.0,2.0,2.0,1.99155727943342,2.09469844319168,1.86969992092429,173.195336796769,187.426504955383,156.910508463418,27.462046803573333,2369.276128,haoyu_2,22,M
0.5,4.0,4.0,1.08776949088772,1.18494450236429,0.767150501508615,64.4550112609543,73.6841107008436,37.3317119042513,0.25,0.19634954084936207,haoyu_2,22,M
1.0,4.0,4.0,1.42436940311092,1.52838698044323,1.28402498371083,98.2584276302745,109.709081472356,83.5442159548589,0.5,0.7853981633974483,haoyu_2,22,M
16.0,4.0,4.0,2.50633610682418,2.66747525873543,2.36134019767349,237.783985889449,262.122356581637,216.624264299119,8.0,201.06192982974676,haoyu_2,22,M
-1.0,4.0,4.0,2.58522508367537,2.91151286678841,2.33858130878426,249.592494639777,300.581176998541,213.367911325666,27.462046803573333,2369.276128,haoyu_2,22,M
0.5,8.0,8.0,1.16895846090592,1.27792318072854,1.06838865027055,66.2424940019199,76.149904534684,57.5485644118263,0.25,0.19634954084936207,haoyu_2,22,M
1.0,8.0,8.0,1.8407657859444,2.05202876658033,1.63839911936365,134.753932050914,159.711068902838,112.31559248055,0.5,0.7853981633974483,haoyu_2,22,M
16.0,8.0,8.0,4.75647712106935,5.0468344801056,4.41536824015298,594.738969637374,652.48697006672,529.398585226684,8.0,201.06192982974676,haoyu_2,22,M
-1.0,8.0,8.0,3.72360417611153,3.90266037382305,3.55113483448426,405.552535961521,436.462414471366,376.561591701968,27.462046803573333,2369.276128,haoyu_2,22,M
0.5,0.5,0.5,0.473839594256053,0.473839594256053,0.473839594256053,18.9327392774772,18.9327392774772,18.9327392774772,0.25,0.19634954084936207,Hongyun_Gao_2,31,M
1.0,0.5,0.5,0.825111328721548,0.951031482784132,0.704641338030425,45.0747282423598,56.2858924011525,35.2155843941817,0.5,0.7853981633974483,Hongyun_Gao_2,31,M
16.0,0.5,0.5,1.3414955777187,1.44240958408096,1.22209393231499,96.391963002341,107.970071830871,83.3155251185992,8.0,201.06192982974676,Hongyun_Gao_2,31,M
-1.0,0.5,0.5,1.28143970252388,1.51384177609661,0.959603974450119,89.7289782015223,116.448281915159,57.0813702007384,27.462046803573333,2369.276128,Hongyun_Gao_2,31,M
0.5,2.0,2.0,1.49783088943362,1.60159477036219,1.37326044029446,110.92564605785,123.176048616272,96.8404117051672,0.25,0.19634954084936207,Hongyun_Gao_2,31,M
1.0,2.0,2.0,1.60248274850642,1.70343225979103,1.50053321789368,123.28287023711,135.642557221985,111.238789636987,0.5,0.7853981633974483,Hongyun_Gao_2,31,M
16.0,2.0,2.0,2.62764157566201,2.78479535105863,2.46528197764909,267.171918120979,292.579670118587,241.80812223488,8.0,201.06192982974676,Hongyun_Gao_2,31,M
-1.0,2.0,2.0,2.07198827161349,2.26980059500952,1.9098005309087,184.258298075667,212.500058246229,162.20539727944,27.462046803573333,2369.276128,Hongyun_Gao_2,31,M
0.5,4.0,4.0,1.54086557035737,1.68201314025411,1.22756890108235,111.113147707809,127.437020065561,77.8711753136951,0.25,0.19634954084936207,Hongyun_Gao_2,31,M
1.0,4.0,4.0,2.85307417837652,3.02859381500626,2.6313936175144,291.199363248311,319.697888126435,256.59849873222,0.5,0.7853981633974483,Hongyun_Gao_2,31,M
16.0,4.0,4.0,3.63325198666002,3.82138918933885,3.39408576479194,424.986274106531,459.901780471323,382.054628266937,8.0,201.06192982974676,Hongyun_Gao_2,31,M
-1.0,4.0,4.0,3.25913451405164,3.42875137880262,3.09004923394778,358.565348416704,388.17480520318,329.901285315215,27.462046803573333,2369.276128,Hongyun_Gao_2,31,M
0.5,8.0,8.0,1.10843048890801,1.29529178038562,0.836323908896724,60.9571606075321,77.7747148519403,39.2377273559555,0.25,0.19634954084936207,Hongyun_Gao_2,31,M
1.0,8.0,8.0,1.80106374097155,2.00673608732325,1.59244796381723,130.23627159561,154.232402077287,107.428282859804,0.5,0.7853981633974483,Hongyun_Gao_2,31,M
16.0,8.0,8.0,1.96289649289739,2.22140801864205,1.71325610159041,148.995490812682,180.802393020571,120.443729945649,8.0,201.06192982974676,Hongyun_Gao_2,31,M
-1.0,8.0,8.0,3.27692523627397,4.34350841154877,2.72521900714418,332.0887185067,515.985919066847,248.907756530563,27.462046803573333,2369.276128,Hongyun_Gao_2,31,M
0.5,10.0,10.0,0.526805329172614,0.722736620192703,0.526805329172614,18.2507432799998,29.9263638989851,18.2507432799998,0.25,0.19634954084936207,Hongyun_Gao_2,31,M
1.0,10.0,10.0,0.473839594256053,0.473839594256053,0.473839594256053,15.4636024472969,15.4636024472969,15.4636024472969,0.5,0.7853981633974483,Hongyun_Gao_2,31,M
16.0,10.0,10.0,1.8220325073696,2.42273187233638,1.8220325073696,127.083160558471,198.436830672823,127.083160558471,8.0,201.06192982974676,Hongyun_Gao_2,31,M
-1.0,10.0,10.0,2.11795668010244,2.54796504588817,2.11795668010244,160.807946455871,214.710659843351,160.807946455871,27.462046803573333,2369.276128,Hongyun_Gao_2,31,M
1.0,12.0,11.9,0.473839594256053,1.21451274945767,0.473839594256053,14.8501253737527,64.7166584196611,14.8501253737527,0.5,0.7853981633974483,Hongyun_Gao_2,31,M
16.0,12.0,11.9,2.74573564481876,2.92561963732975,2.53101552780516,231.764125368101,255.944963452849,204.05149243594,8.0,201.06192982974676,Hongyun_Gao_2,31,M
-1.0,12.0,11.9,2.39221553205904,2.54813974196293,2.18594848410776,186.82382380412,206.214698490382,162.251391968352,27.462046803573333,2369.276128,Hongyun_Gao_2,31,M
0.5,14.0,13.3,0.473839594256053,0.475340732645779,0.473839594256053,14.4137181867241,14.485195525842,14.4137181867241,0.25,0.19634954084936207,Hongyun_Gao_2,31,M
16.0,14.0,13.3,1.21043426455003,1.35442382509939,1.01649397914188,62.4852201406091,74.4933777874159,47.5526816440585,8.0,201.06192982974676,Hongyun_Gao_2,31,M
-1.0,14.0,13.3,2.71515466117761,2.91563790172643,2.49347975312715,221.047172848518,247.099121823283,193.480607554918,27.462046803573333,2369.276128,Hongyun_Gao_2,31,M
0.5,16.0,14.9,0.473839594256053,0.555492445296518,0.473839594256053,13.930648947415,17.8630347876637,13.930648947415,0.25,0.19634954084936207,Hongyun_Gao_2,31,M
16.0,16.0,14.9,2.51936748968234,2.75794396716972,2.29951721920178,190.041309392247,218.927681191363,164.752067298144,8.0,201.06192982974676,Hongyun_Gao_2,31,M
-1.0,16.0,14.9,2.25751518603369,2.42513938224535,2.09918268269241,160.070067289836,179.043086058385,142.863320878859,27.462046803573333,2369.276128,Hongyun_Gao_2,31,M
0.5,0.5,0.5,0.796272402999353,1.17052041162472,0.796272402999353,42.635280138507,77.8826184185856,42.635280138507,0.25,0.19634954084936207,Jane_2,23,F
1.0,0.5,0.5,0.755382570418146,1.39807491445743,0.755382570418146,39.2611995845657,102.825179786337,39.2611995845657,0.5,0.7853981633974483,Jane_2,23,F
16.0,0.5,0.5,2.08864393625916,2.21582380816261,1.96096799145268,192.6390750945,211.296140014143,174.542995755931,8.0,201.06192982974676,Jane_2,23,F
-1.0,0.5,0.5,1.1673400996656,1.36181607651035,1.1673400996656,77.5519340356069,98.6851962091242,77.5519340356069,27.462046803573333,2369.276128,Jane_2,23,F
0.5,2.0,2.0,1.49958567037821,1.63155435626633,1.12648372312885,111.128952380687,126.798505952384,71.0420481068769,0.25,0.19634954084936207,Jane_2,23,F
1.0,2.0,2.0,1.87359764487624,2.03393919184472,1.17383458295268,157.422380850524,178.994021651946,75.7672480006505,0.5,0.7853981633974483,Jane_2,23,F
16.0,2.0,2.0,5.02097931172358,5.58371731732082,4.67168385721962,735.530785250541,868.465220618592,657.092674732527,8.0,201.06192982974676,Jane_2,23,F
-1.0,2.0,2.0,3.14067350479145,3.29168630509933,2.99749478181985,353.123868092588,380.035616280598,328.273013010387,27.462046803573333,2369.276128,Jane_2,23,F
0.5,4.0,4.0,1.61937556831817,1.73016290191141,1.47557619059443,120.093454726072,133.188144441146,103.838601470674,0.25,0.19634954084936207,Jane_2,23,F
1.0,4.0,4.0,2.11755644910768,2.26046327191945,1.91450294907931,182.682391698401,202.326789992752,156.037782404828,0.5,0.7853981633974483,Jane_2,23,F
16.0,4.0,4.0,3.09166688046492,3.41921968678321,2.76076571735302,330.17142084541,386.488500534135,276.599958581396,8.0,201.06192982974676,Jane_2,23,F
-1.0,4.0,4.0,3.94217993592706,4.15869697337311,3.60072044550527,482.838376219871,524.949319005361,419.050188668525,27.462046803573333,2369.276128,Jane_2,23,F
0.5,8.0,8.0,1.47144622430348,2.1188950976363,1.30172926474449,94.9387388059295,167.924562914859,78.380069813285,0.25,0.19634954084936207,Jane_2,23,F
1.0,8.0,8.0,4.73622798013035,5.19159862935365,4.39178329361049,590.784019431065,681.993162636044,524.98276868443,0.5,0.7853981633974483,Jane_2,23,F
16.0,8.0,8.0,5.08484690057043,5.57876380742723,4.72580940060615,660.189156380021,763.188951504897,588.752829713674,8.0,201.06192982974676,Jane_2,23,F
-1.0,8.0,8.0,5.32500860447894,5.69240909223878,5.07607910031374,709.59934980262,787.642449665,658.409708471087,27.462046803573333,2369.276128,Jane_2,23,F
0.5,0.5,0.5,0.871110882964364,0.968703995910283,0.773372730499056,49.065986503127,57.9301953774786,40.7333211892862,0.25,0.19634954084936207,Maliha_2,29,F
1.0,0.5,0.5,1.39187845194152,1.65719086160012,1.09572160767555,102.11333580896,134.14757247589,70.2407535661837,0.5,0.7853981633974483,Maliha_2,29,F
16.0,0.5,0.5,1.27233169086035,1.39170343167032,1.14425833832863,88.7335696545514,102.093255541877,75.1671753110836,8.0,201.06192982974676,Maliha_2,29,F
-1.0,0.5,0.5,1.32209897104952,1.46833741101583,1.02488571541456,94.221188149505,111.020678418932,63.2698246203268,27.462046803573333,2369.276128,Maliha_2,29,F
0.5,2.0,2.0,1.26081203085478,1.35655029898064,1.10468115530589,84.7288029011596,95.0038566631655,68.9034445308027,0.25,0.19634954084936207,Maliha_2,29,F
1.0,2.0,2.0,1.67369776150623,1.83147421310705,1.50711342166002,131.957885396751,151.92243670055,112.002628376722,0.5,0.7853981633974483,Maliha_2,29,F
16.0,2.0,2.0,1.54916141441745,2.30595925119266,1.54916141441745,116.927924905696,217.817967300166,116.927924905696,8.0,201.06192982974676,Maliha_2,29,F
-1.0,2.0,2.0,2.25468220704335,2.7114141887179,2.05085311787094,210.290654811305,280.61227978406,181.327352171662,27.462046803573333,2369.276128,Maliha_2,29,F
0.5,4.0,4.0,1.07649810000136,1.64214058786829,1.07649810000136,63.4135573380233,122.744210545548,63.4135573380233,0.25,0.19634954084936207,Maliha_2,29,F
1.0,4.0,4.0,2.08014378814772,2.23837558074394,1.88537310070711,177.659877903723,199.243447732872,152.340726852065,0.5,0.7853981633974483,Maliha_2,29,F
16.0,4.0,4.0,3.91100657866917,4.14705277862303,3.634800292731,476.880468563534,522.652420545099,425.269546176892,8.0,201.06192982974676,Maliha_2,29,F
-1.0,4.0,4.0,2.71737904162196,2.91576447918752,2.54114957815123,269.831945806163,301.26791464046,242.969599907545,27.462046803573333,2369.276128,Maliha_2,29,F
0.5,8.0,8.0,1.71425108258454,1.917710356983,1.54272170598809,120.553141497245,143.666332375614,102.228369575442,0.25,0.19634954084936207,Maliha_2,29,F
1.0,8.0,8.0,3.60883057008979,3.74181558631016,3.45127982971121,386.173470581988,408.658816178675,360.133667006751,0.5,0.7853981633974483,Maliha_2,29,F
16.0,8.0,8.0,3.89793228007303,4.18685949424749,3.55879426676547,435.635731209659,487.180292327171,377.832589436121,8.0,201.06192982974676,Maliha_2,29,F
-1.0,8.0,8.0,3.30912908873221,3.52584269247084,3.09528990013874,337.206842919889,372.375623625576,303.754871473694,27.462046803573333,2369.276128,Maliha_2,29,F
0.5,0.5,0.5,0.757727933321663,0.897422554311398,0.627586341465351,39.4520099231848,51.4034133007483,29.3817704963493,0.25,0.19634954084936207,pupu_2,22,F
1.0,0.5,0.5,1.59400159524538,1.71122178892057,1.39681292898607,126.234448945593,141.050348894223,102.680059473877,0.5,0.7853981633974483,pupu_2,22,F
16.0,0.5,0.5,0.926757835947875,1.79184376084182,0.926757835947875,54.0553703644734,151.58037869163,54.0553703644734,8.0,201.06192982974676,pupu_2,22,F
-1.0,0.5,0.5,1.33762211963694,1.61352324799293,1.33762211963694,95.9570404291556,128.660587268998,95.9570404291556,27.462046803573333,2369.276128,pupu_2,22,F
0.5,2.0,2.0,1.56505992675603,1.67216475377711,1.44647061700268,118.810041256198,131.768909748026,105.034888863808,0.25,0.19634954084936207,pupu_2,22,F
1.0,2.0,2.0,1.87169602737727,2.02131766198717,1.59176785984967,157.172573987042,177.259951354317,121.996126506874,0.5,0.7853981633974483,pupu_2,22,F
16.0,2.0,2.0,2.30521934932645,2.45411407448559,2.1643557152317,217.70867431741,240.097178002722,197.264921354976,8.0,201.06192982974676,pupu_2,22,F
-1.0,2.0,2.0,2.63598842623589,2.77224290026055,2.49800168588242,268.50038683373,290.519789312252,246.846006429766,27.462046803573333,2369.276128,pupu_2,22,F
0.5,4.0,4.0,1.05424722208012,1.55264689140538,0.868228985569559,61.3756465196881,112.444657303965,45.3048364600512,0.25,0.19634954084936207,pupu_2,22,F
1.0,4.0,4.0,2.34491624641791,2.6960655081706,2.04407751033691,214.27253054634,266.52938096788,172.866088728432,0.5,0.7853981633974483,pupu_2,22,F
16.0,4.0,4.0,2.98830332672317,3.18173970987997,2.78578807146447,313.071431637667,345.33822772964,280.530687591256,8.0,201.06192982974676,pupu_2,22,F
-1.0,4.0,4.0,3.11547094286863,3.3198402219406,2.8688282698386,334.155738905212,369.065117346194,293.717974852219,27.462046803573333,2369.276128,pupu_2,22,F
0.5,8.0,8.0,2.53420338210371,2.72465104457413,2.03782547434603,222.167796777745,248.826633046708,157.98560169448,0.25,0.19634954084936207,pupu_2,22,F
1.0,8.0,8.0,2.09812563220112,2.27180687790663,1.90822144394296,165.357468839433,187.258522986021,142.556143000167,0.5,0.7853981633974483,pupu_2,22,F
16.0,8.0,8.0,4.58775710011442,4.76848618101616,4.35609832277211,562.077588650498,597.089004593505,518.326856877159,8.0,201.06192982974676,pupu_2,22,F
-1.0,8.0,8.0,4.34889421261586,4.58519022251688,4.1222059472546,516.986874301552,561.585834689676,475.466171419977,27.462046803573333,2369.276128,pupu_2,22,F
0.5,0.5,0.5,0.489164480399116,0.596198971852096,0.473839594256053,19.8990548140953,27.1162869799194,18.9327392774772,0.25,0.19634954084936207,Shushan_2,25,M
1.0,0.5,0.5,0.611106746668307,0.713717124327393,0.497453543246568,28.1841300614415,35.9275153039695,20.4289175516815,0.5,0.7853981633974483,Shushan_2,25,M
16.0,0.5,0.5,1.79650033305585,1.95646990931972,1.64143768472922,152.196892151609,173.917256200405,132.15860999902,8.0,201.06192982974676,Shushan_2,25,M
-1.0,0.5,0.5,2.42448205889804,2.61120684072648,2.42448205889804,243.229104625282,273.154738490525,243.229104625282,27.462046803573333,2369.276128,Shushan_2,25,M
0.5,2.0,2.0,1.03950374668238,1.27744013654897,0.866096983666119,62.6522019585342,86.4828764266024,47.0956211614551,0.25,0.19634954084936207,Shushan_2,25,M
1.0,2.0,2.0,2.23476381667624,3.12438135966671,1.78385821212618,207.392512435896,350.263237642174,145.790724143978,0.5,0.7853981633974483,Shushan_2,25,M
16.0,2.0,2.0,2.29886421512013,2.90037859311863,1.97943845572283,216.770754467197,311.792184932559,171.549931878848,8.0,201.06192982974676,Shushan_2,25,M
-1.0,2.0,2.0,3.92539335915397,4.14210635086186,3.620030554273,500.505982661846,544.387577097552,440.965505555376,27.462046803573333,2369.276128,Shushan_2,25,M
0.5,4.0,4.0,1.35285801429756,1.4629477239568,1.23852632114145,90.6534212660478,102.452124663388,78.9609702846944,0.25,0.19634954084936207,Shushan_2,25,M
1.0,4.0,4.0,1.37253496185037,1.54838985444543,1.17395258484669,92.7239381610132,111.962872699357,72.6179425091502,0.5,0.7853981633974483,Shushan_2,25,M
16.0,4.0,4.0,3.01226895684885,3.3044225559146,2.76868491112897,317.006957809511,366.388104954238,277.841810678957,8.0,201.06192982974676,Shushan_2,25,M
-1.0,4.0,4.0,3.60108896335244,3.80906532398832,2.90127498093255,419.117264037764,457.584327835853,298.929832428229,27.462046803573333,2369.276128,Shushan_2,25,M
0.5,8.0,8.0,0.937463840987402,1.71290904884663,0.937463840987402,46.9075953228325,120.405575252676,46.9075953228325,0.25,0.19634954084936207,Shushan_2,25,M
1.0,8.0,8.0,2.22792871840489,2.51663878698753,1.99322261855836,181.633093710801,219.764304439638,152.611184237944,0.5,0.7853981633974483,Shushan_2,25,M
16.0,8.0,8.0,4.83557381200851,5.10829533340867,4.56867851321181,610.278624646343,664.956578992202,558.426288021093,8.0,201.06192982974676,Shushan_2,25,M
-1.0,8.0,8.0,6.23650443764141,6.23650443764141,6.04003921481372,908.512798564136,908.512798564136,864.152138211713,27.462046803573333,2369.276128,Shushan_2,25,M
0.5,10.0,10.0,0.522617586805471,0.644116672096669,0.522617586805471,18.0243570123327,24.9938712493135,18.0243570123327,0.25,0.19634954084936207,Shushan_2,25,M
1.0,10.0,10.0,1.15894056308362,1.30042055854958,1.03226706436181,62.6303754628487,74.9922891864931,52.2598336554227,0.5,0.7853981633974483,Shushan_2,25,M
16.0,10.0,10.0,3.68316613880027,4.24395406695797,3.48422541632072,382.054076904728,476.851671642657,350.276283306796,8.0,201.06192982974676,Shushan_2,25,M
-1.0,10.0,10.0,4.31345211623806,5.6031635440895,3.96523935350222,489.120315899819,736.360302430311,428.7909375935,27.462046803573333,2369.276128,Shushan_2,25,M
0.5,12.0,11.9,0.473839594256053,0.473839594256053,0.473839594256053,14.8501253737527,14.8501253737527,14.8501253737527,0.25,0.19634954084936207,Shushan_2,25,M
1.0,12.0,11.9,0.860180411895582,1.02178995605064,0.670783794728833,37.7329549924624,49.3922258190316,25.5744441129761,0.5,0.7853981633974483,Shushan_2,25,M
16.0,12.0,11.9,6.33829883253322,6.81780203498891,5.696200278144,857.514223475936,961.110663278388,725.596057184775,8.0,201.06192982974676,Shushan_2,25,M
-1.0,12.0,11.9,4.15459693123264,4.44934335210723,3.95592723589245,442.944509617633,493.063278956843,410.268430713128,27.462046803573333,2369.276128,Shushan_2,25,M
1.0,14.0,13.3,0.473839594256053,0.545300165023747,0.473839594256053,14.4137181867241,17.9548601981006,14.4137181867241,0.5,0.7853981633974483,Shushan_2,25,M
16.0,14.0,13.3,3.61774062115228,3.79712312312366,3.4240498087356,346.271537377311,373.49617776244,317.718990957825,8.0,201.06192982974676,Shushan_2,25,M
-1.0,14.0,13.3,4.26637746525959,4.53615251930451,3.96302353291724,448.154598883416,493.25623253823,399.329409773797,27.462046803573333,2369.276128,Shushan_2,25,M
0.5,16.0,14.9,0.473839594256053,0.473839594256053,0.473839594256053,13.930648947415,13.930648947415,13.930648947415,0.25,0.19634954084936207,Shushan_2,25,M
16.0,16.0,14.9,6.2622406890619,6.90765015242668,4.2618352709132,789.374297733995,920.25250345335,432.413934735975,8.0,201.06192982974676,Shushan_2,25,M
-1.0,16.0,14.9,4.85307976946704,5.16887180263004,4.55566878502293,529.831072015024,584.729529826383,479.936551807367,27.462046803573333,2369.276128,Shushan_2,25,M
0.5,10.0,10.0,0.679414002652263,0.779105249122683,0.58124531246384,27.1687433758454,33.6560369546421,21.2850473508898,0.25,0.19634954084936207,Tianbo_Liang_2,22,M
1.0,10.0,10.0,1.85662857676493,2.0228305432656,1.67368601630062,130.877066844464,149.656437105987,111.277456112772,0.5,0.7853981633974483,Tianbo_Liang_2,22,M
16.0,10.0,10.0,2.8534959724042,3.07611835634778,2.65204483643633,256.314562719023,288.268698133064,228.584172693245,8.0,201.06192982974676,Tianbo_Liang_2,22,M
-1.0,10.0,10.0,3.24358608666754,3.40887540421048,3.07794100990255,313.186280586938,338.501892620269,288.535867397623,27.462046803573333,2369.276128,Tianbo_Liang_2,22,M
0.5,12.0,11.9,0.538501593767767,0.923045504327039,0.473839594256053,18.1390640360526,42.133676111251,14.8501253737527,0.25,0.19634954084936207,Tianbo_Liang_2,22,M
1.0,12.0,11.9,1.14049245951998,1.2602572344967,1.03409333024324,58.6551133376534,68.5690584935421,50.3254930008117,0.5,0.7853981633974483,Tianbo_Liang_2,22,M
16.0,12.0,11.9,4.67025097622792,5.21950528808876,4.15942222640906,531.880812105699,632.89956014226,443.749335374063,8.0,201.06192982974676,Tianbo_Liang_2,22,M
-1.0,12.0,11.9,3.70971192653183,3.95527645667093,3.35669894245557,371.041055166605,410.162883027094,317.324962768848,27.462046803573333,2369.276128,Tianbo_Liang_2,22,M
0.5,14.0,13.3,0.473839594256053,0.532525208900708,0.473839594256053,14.4137181867241,17.3013791831505,14.4137181867241,0.25,0.19634954084936207,Tianbo_Liang_2,22,M
1.0,14.0,13.3,0.473839594256053,0.473839594256053,0.473839594256053,14.4137181867241,14.4137181867241,14.4137181867241,0.5,0.7853981633974483,Tianbo_Liang_2,22,M
16.0,14.0,13.3,4.52166601611276,5.31236739045917,4.20452324613017,490.794887752953,631.478271879942,438.034831686464,8.0,201.06192982974676,Tianbo_Liang_2,22,M
-1.0,14.0,13.3,3.45562291518873,3.61610909646496,3.24172086909009,322.312684014108,346.027344402472,291.66035030674,27.462046803573333,2369.276128,Tianbo_Liang_2,22,M
1.0,16.0,14.9,0.473839594256053,0.473839594256053,0.473839594256053,13.930648947415,13.930648947415,13.930648947415,0.5,0.7853981633974483,Tianbo_Liang_2,22,M
16.0,16.0,14.9,2.07640854420471,2.27946619351566,1.90954872709787,140.446774231438,162.510892439677,123.20065684193,8.0,201.06192982974676,Tianbo_Liang_2,22,M
-1.0,16.0,14.9,3.25940846042189,3.42498155457865,3.03893382769534,284.294549337017,307.201473491104,254.799067149189,27.462046803573333,2369.276128,Tianbo_Liang_2,22,M
0.5,0.5,0.5,0.669441856159897,0.761226292776366,0.473839594256053,32.5034450010446,39.7372432451175,18.9327392774772,0.25,0.19634954084936207,Yancheng_Cai_2,22,M
1.0,0.5,0.5,0.626700691309436,0.713001484163746,0.473839594256053,29.3169504729611,35.871191972958,18.9327392774772,0.5,0.7853981633974483,Yancheng_Cai_2,22,M
16.0,0.5,0.5,1.84551977338518,2.06437992739741,1.63661884139314,158.741410580879,189.150640468383,131.552335291338,8.0,201.06192982974676,Yancheng_Cai_2,22,M
-1.0,0.5,0.5,1.28253335121638,1.388973632837,1.16187547025444,89.8487714237545,101.780247100294,76.9849154279878,27.462046803573333,2369.276128,Yancheng_Cai_2,22,M
0.5,2.0,2.0,1.24535663676772,1.37343544497146,1.01231088555779,83.1100900601969,96.859712907183,60.1079919114609,0.25,0.19634954084936207,Yancheng_Cai_2,22,M
1.0,2.0,2.0,1.20119307493693,1.52512578636798,1.20119307493693,78.5470721196387,114.10314887822,78.5470721196387,0.5,0.7853981633974483,Yancheng_Cai_2,22,M
16.0,2.0,2.0,1.79293075147601,2.05853470341773,1.57534876821701,146.952000775117,182.390645725518,120.033833068768,8.0,201.06192982974676,Yancheng_Cai_2,22,M
-1.0,2.0,2.0,2.64999947818652,2.80642628819942,2.36653351765303,270.735695134494,296.14164318733,226.832399621006,27.462046803573333,2369.276128,Yancheng_Cai_2,22,M
0.5,4.0,4.0,0.906263897233473,1.03177946754701,0.686093035610602,48.4468380919586,59.3423398269582,31.3495600405878,0.25,0.19634954084936207,Yancheng_Cai_2,22,M
1.0,4.0,4.0,1.72737846652916,1.88362805481106,1.51821313911749,132.853075685724,152.120267981098,108.569112838145,0.5,0.7853981633974483,Yancheng_Cai_2,22,M
16.0,4.0,4.0,1.54155043668257,1.79903237004333,1.54155043668257,111.190393763141,141.571933608292,111.190393763141,8.0,201.06192982974676,Yancheng_Cai_2,22,M
-1.0,4.0,4.0,3.43238289539112,3.67925825223862,3.15867125007372,388.817973184565,433.432384186295,341.430499878121,27.462046803573333,2369.276128,Yancheng_Cai_2,22,M
0.5,8.0,8.0,1.37171746461504,1.48938634352841,1.26712010784385,85.0698194287567,96.755206024668,75.1455440832591,0.25,0.19634954084936207,Yancheng_Cai_2,22,M
1.0,8.0,8.0,1.83767349161819,2.02075945600137,1.64471247013819,134.400070557852,155.921314437093,112.993182478032,0.5,0.7853981633974483,Yancheng_Cai_2,22,M
16.0,8.0,8.0,3.60389577731087,3.75940392187857,3.44747785785265,385.347940831373,411.666924254208,359.513408275206,8.0,201.06192982974676,Yancheng_Cai_2,22,M
-1.0,8.0,8.0,3.89637655047303,4.35110116831582,3.53176007164774,435.363843348487,517.397240708032,373.353465213641,27.462046803573333,2369.276128,Yancheng_Cai_2,22,M
0.5,10.0,10.0,0.624250136672595,0.792712540846433,0.624250136672595,23.7987943754643,34.5798455542689,23.7987943754643,0.25,0.19634954084936207,Yancheng_Cai_2,22,M
1.0,10.0,10.0,1.27791745442971,1.72140175314461,1.03558382836388,72.9727094367197,116.278643719403,52.5226782177441,0.5,0.7853981633974483,Yancheng_Cai_2,22,M
16.0,10.0,10.0,3.38176214204533,3.61378868051928,3.15195258942593,334.300716081923,370.859230006145,299.459799886163,8.0,201.06192982974676,Yancheng_Cai_2,22,M
-1.0,10.0,10.0,3.15284360785739,3.55969333094946,2.90269708933481,299.592202187451,362.213917324059,263.259805230273,27.462046803573333,2369.276128,Yancheng_Cai_2,22,M
0.5,12.0,11.9,0.473839594256053,0.499776485793715,0.473839594256053,14.8501253737527,16.1408459313463,14.8501253737527,0.25,0.19634954084936207,Yancheng_Cai_2,22,M
1.0,12.0,11.9,0.827948227263882,1.4932454766357,0.827948227263882,35.5452042866179,89.4016508323555,35.5452042866179,0.5,0.7853981633974483,Yancheng_Cai_2,22,M
16.0,12.0,11.9,3.33611114175817,3.52394600858489,3.13064217008468,314.286423855313,342.396544023019,284.54455095441,8.0,201.06192982974676,Yancheng_Cai_2,22,M
-1.0,12.0,11.9,5.10349204293125,5.10349204293125,4.90519121498965,611.0375976785,611.0375976785,574.315413209196,27.462046803573333,2369.276128,Yancheng_Cai_2,22,M
1.0,14.0,13.3,0.473839594256053,0.473839594256053,0.473839594256053,14.4137181867241,14.4137181867241,14.4137181867241,0.5,0.7853981633974483,Yancheng_Cai_2,22,M
16.0,14.0,13.3,3.66739511108721,3.85009089361107,3.35123103547289,353.73305938485,381.676302773569,307.21530766862,8.0,201.06192982974676,Yancheng_Cai_2,22,M
-1.0,14.0,13.3,4.86681631447171,5.09406321358026,4.66472903166171,550.632520913815,591.368019253996,515.295901101367,27.462046803573333,2369.276128,Yancheng_Cai_2,22,M
0.5,16.0,14.9,0.474916620414253,0.549527765409292,0.474916620414253,13.9802007873445,17.5639731724292,13.9802007873445,0.25,0.19634954084936207,Yancheng_Cai_2,22,M
16.0,16.0,14.9,3.32045700015174,3.45791458312369,3.17301358593662,292.666020026816,311.833663244961,272.597875554097,8.0,201.06192982974676,Yancheng_Cai_2,22,M
-1.0,16.0,14.9,4.20993133028011,4.46551221658945,4.01118136951173,424.20622176949,465.16564283627,393.305851658706,27.462046803573333,2369.276128,Yancheng_Cai_2,22,M
0.5,0.5,0.5,0.706010802739136,0.823030370396204,0.567001841005582,35.3226798052913,44.897067991401,25.0683723529047,0.25,0.19634954084936207,Yaru_2,26,M
1.0,0.5,0.5,0.473839594256053,0.526128186846624,0.473839594256053,18.9327392774772,22.3002505432339,18.9327392774772,0.5,0.7853981633974483,Yaru_2,26,M
16.0,0.5,0.5,0.473839594256053,0.730574581286159,0.473839594256053,18.9327392774772,37.2634382595805,18.9327392774772,8.0,201.06192982974676,Yaru_2,26,M
0.5,2.0,2.0,0.492183611173313,0.577475157042153,0.473839594256053,19.4595248138288,24.9849289958967,18.3372441840423,0.25,0.19634954084936207,Yaru_2,26,M
1.0,2.0,2.0,2.20096233352826,2.44227102613611,1.93694934958099,202.507649916893,238.287591148223,165.825970338861,0.5,0.7853981633974483,Yaru_2,26,M
16.0,2.0,2.0,2.04047647346358,2.20435983847586,1.87349125038942,179.89456858722,202.996744938712,157.408400511815,8.0,201.06192982974676,Yaru_2,26,M
-1.0,2.0,2.0,2.42775383715659,2.5837673280796,2.21018157429541,236.076145084324,260.228149269353,203.835813821586,27.462046803573333,2369.276128,Yaru_2,26,M
0.5,4.0,4.0,0.87196755557771,0.990849300027296,0.622275554083374,45.6102989015793,55.7021597141556,26.9104332549313,0.25,0.19634954084936207,Yaru_2,26,M
1.0,4.0,4.0,1.85185450144864,1.98269557439806,1.68947210853915,148.126365509196,164.81676890818,128.321937402666,0.5,0.7853981633974483,Yaru_2,26,M
16.0,4.0,4.0,1.73577212978227,1.85359177429066,1.6107727333694,133.864061903072,148.343747599871,119.097184384278,8.0,201.06192982974676,Yaru_2,26,M
-1.0,4.0,4.0,2.65322203580756,2.78436683048422,2.50187531479924,259.935215481102,280.306891282302,237.122451249458,27.462046803573333,2369.276128,Yaru_2,26,M
0.5,8.0,8.0,1.2269521306061,1.63654719495682,1.08614236376999,71.4535308159095,112.117110757067,59.0511355990493,0.25,0.19634954084936207,Yaru_2,26,M
1.0,8.0,8.0,1.53345667880678,1.71072858913347,1.38071380952821,101.269831792033,120.16595705191,85.9439854590755,0.5,0.7853981633974483,Yaru_2,26,M
16.0,8.0,8.0,3.00527177047378,3.22934190782549,2.73721909146641,290.053122391011,324.578160209586,250.623985497171,8.0,201.06192982974676,Yaru_2,26,M
-1.0,8.0,8.0,3.97498941964131,3.97498941964131,3.82856142158009,449.179035647214,449.179035647214,423.571735802759,27.462046803573333,2369.276128,Yaru_2,26,M
0.5,10.0,10.0,0.473839594256053,0.551764929072684,0.473839594256053,15.4636024472969,19.621019091667,15.4636024472969,0.25,0.19634954084936207,Yaru_2,26,M
1.0,10.0,10.0,1.53069414790367,1.71187643410691,1.53069414790367,96.7719625616148,115.273949386075,96.7719625616148,0.5,0.7853981633974483,Yaru_2,26,M
16.0,10.0,10.0,3.010400939186,3.21153817574512,2.78862702571531,278.695477258897,308.36037224266,247.26044420054,8.0,201.06192982974676,Yaru_2,26,M
-1.0,10.0,10.0,5.32814309304941,5.57950410916488,4.8708840524488,680.623666479756,731.503402855965,591.51253893797,27.462046803573333,2369.276128,Yaru_2,26,M
0.5,12.0,11.9,0.483843410293225,0.639652961539189,0.483843410293225,15.3433555519944,23.7426794342178,15.3433555519944,0.25,0.19634954084936207,Yaru_2,26,M
1.0,12.0,11.9,0.473839594256053,0.483119209717788,0.473839594256053,14.8501253737527,15.3074545641654,14.8501253737527,0.5,0.7853981633974483,Yaru_2,26,M
16.0,12.0,11.9,3.51329248109477,4.19859760206399,3.0354743593649,340.779065906844,450.302989075913,271.133370284301,8.0,201.06192982974676,Yaru_2,26,M
-1.0,12.0,11.9,4.97707943168748,5.18649660348715,4.69895003270308,587.533079039011,626.651096765015,537.001263777307,27.462046803573333,2369.276128,Yaru_2,26,M
1.0,14.0,13.3,0.498672096073644,0.702520817676106,0.498672096073644,15.6123995373748,26.6839687130723,15.6123995373748,0.5,0.7853981633974483,Yaru_2,26,M
16.0,14.0,13.3,3.90725215593405,4.15228133536121,3.68056750540977,390.575519200932,429.552810313127,355.72207148334,8.0,201.06192982974676,Yaru_2,26,M
-1.0,14.0,13.3,3.79935782197013,4.04867342116542,3.0332625543772,373.84000313385,412.908701155829,262.865624160793,27.462046803573333,2369.276128,Yaru_2,26,M
0.5,16.0,14.9,0.529522022177501,0.635532995791859,0.473839594256053,16.5742858418087,22.0486549612489,13.930648947415,0.25,0.19634954084936207,Yaru_2,26,M
16.0,16.0,14.9,4.25861168949826,4.56588869140469,3.95588729045947,431.902530405908,481.621430008924,384.859729018333,8.0,201.06192982974676,Yaru_2,26,M
-1.0,16.0,14.9,2.47466803566259,2.8061193741525,2.06720161883925,184.794559713429,224.937818644996,139.474059928425,27.462046803573333,2369.276128,Yaru_2,26,M
0.5,0.5,0.5,1.91348360000562,2.09825288665747,1.58459538248984,167.978336298053,194.026897593754,125.071406712575,0.25,0.19634954084936207,Yuan_2,23,F
1.0,0.5,0.5,1.54374650756544,1.66182060747935,1.41971511202758,120.065821576752,134.734148965105,105.325137744475,0.5,0.7853981633974483,Yuan_2,23,F
16.0,0.5,0.5,1.53230304856606,1.72048243329718,1.37554180500391,118.676808145685,142.245949460694,100.245161744088,8.0,201.06192982974676,Yuan_2,23,F
-1.0,0.5,0.5,2.48388076457101,3.05671619813839,2.48388076457101,252.61267614978,349.46422654918,252.61267614978,27.462046803573333,2369.276128,Yuan_2,23,F
0.5,2.0,2.0,2.32375716113173,2.49882222746587,1.79493550751542,220.452899856941,246.972826962128,147.209055608472,0.25,0.19634954084936207,Yuan_2,23,F
1.0,2.0,2.0,2.96282209364907,3.16633141969995,2.66560161298522,322.35387498627,357.645956899202,273.232697102196,0.5,0.7853981633974483,Yuan_2,23,F
16.0,2.0,2.0,3.36178602354673,3.64219125369504,2.61410536647546,392.768580999962,445.194523621622,265.02257690207,8.0,201.06192982974676,Yuan_2,23,F
-1.0,2.0,2.0,3.34200393477774,3.61819104963904,3.05889655141703,389.16003363504,440.61511982333,338.850118175415,27.462046803573333,2369.276128,Yuan_2,23,F
0.5,4.0,4.0,2.11933545966455,2.56407521256483,1.88641529468415,182.922473061559,246.406448185767,152.472446431023,0.25,0.19634954084936207,Yuan_2,23,F
1.0,4.0,4.0,3.03227325966028,3.28461321863513,2.82347826389787,320.305526381388,362.958881695511,286.489042841427,0.5,0.7853981633974483,Yuan_2,23,F
16.0,4.0,4.0,4.34446303525937,4.57021006062219,4.12860598447494,562.080872178836,608.422407531798,519.021102475191,8.0,201.06192982974676,Yuan_2,23,F
-1.0,4.0,4.0,3.93648742856869,4.30015734890673,3.22003051613497,481.748424102132,553.14195174513,351.859893339721,27.462046803573333,2369.276128,Yuan_2,23,F
0.5,8.0,8.0,2.81298936567633,3.02344703459687,2.53506405646756,261.558272392926,292.801201316993,222.285811305284,0.25,0.19634954084936207,Yuan_2,23,F
1.0,8.0,8.0,4.5421517506883,4.82803564902936,4.23128000077848,553.36381523397,608.791422291693,495.287951066849,0.5,0.7853981633974483,Yuan_2,23,F
16.0,8.0,8.0,5.81402469544802,5.81402469544802,5.59597214158937,814.117573649859,814.117573649859,766.873851453007,8.0,201.06192982974676,Yuan_2,23,F
-1.0,8.0,8.0,4.66283225962341,5.03824723001983,4.24126342807725,576.528726429169,650.751513247126,497.116766019288,27.462046803573333,2369.276128,Yuan_2,23,F
0.5,0.5,0.5,0.473839594256053,0.473839594256053,0.473839594256053,18.9327392774772,18.9327392774772,18.9327392774772,0.25,0.19634954084936207,Zhen_2,22,F
1.0,0.5,0.5,0.482366638920644,0.554850417997511,0.482366638920644,19.4682749390613,24.2332624846795,19.4682749390613,0.5,0.7853981633974483,Zhen_2,22,F
16.0,0.5,0.5,1.08423697129164,1.22640919792899,0.802944627348233,69.0927738643397,83.7760745115677,43.1953176369483,8.0,201.06192982974676,Zhen_2,22,F
0.5,2.0,2.0,0.473839594256053,0.62114511152581,0.473839594256053,18.3372441840423,28.0021615713319,18.3372441840423,0.25,0.19634954084936207,Zhen_2,22,F
1.0,2.0,2.0,0.699237787339398,1.00224747287407,0.699237787339398,33.6997720151219,59.1761158147219,33.6997720151219,0.5,0.7853981633974483,Zhen_2,22,F
16.0,2.0,2.0,1.34252838074668,1.56746635582576,1.15160709068944,93.4725624645008,119.095865340865,73.5354801563172,8.0,201.06192982974676,Zhen_2,22,F
-1.0,2.0,2.0,1.88294598771589,2.01672255285374,1.74542847168901,158.652508757041,176.630142583888,140.908722400259,27.462046803573333,2369.276128,Zhen_2,22,F
0.5,4.0,4.0,0.87063024448608,0.948781565386676,0.473839594256053,45.5009479590929,52.0481842065696,17.5722842631567,0.25,0.19634954084936207,Zhen_2,22,F
1.0,4.0,4.0,1.43341891172485,1.59662424189125,1.31358879857645,99.2364845573422,117.465205904102,86.5719643599479,0.5,0.7853981633974483,Zhen_2,22,F
16.0,4.0,4.0,1.60676857582475,1.7510348365312,1.60676857582475,118.634495422647,135.70946935821,118.634495422647,8.0,201.06192982974676,Zhen_2,22,F
-1.0,4.0,4.0,1.69728174538048,1.9479576336276,1.49390815923103,129.250821227469,160.323023169264,105.863193930696,27.462046803573333,2369.276128,Zhen_2,22,F
0.5,8.0,8.0,0.861290159462887,1.55514233235598,0.861290159462887,41.0849648061814,103.518478409229,41.0849648061814,0.25,0.19634954084936207,Zhen_2,22,F
1.0,8.0,8.0,2.14819637502036,2.35884412408164,1.6961793001731,171.570367641628,198.599004748725,118.571497531912,0.5,0.7853981633974483,Zhen_2,22,F
16.0,8.0,8.0,3.71947653350896,3.9218448601024,3.4706560182475,404.849681682896,439.822518734296,363.30070782707,8.0,201.06192982974676,Zhen_2,22,F
-1.0,8.0,8.0,3.48309771619056,3.75308597087169,3.12387924559543,365.33957170339,410.58545861761,308.154029569626,27.462046803573333,2369.276128,Zhen_2,22,F
